TimeStamp,Count
20080631,5
20080701,50
20080702,30
20080703,36
20080704,84
20080705,129
20080706,114
20080707,147
20080708,98
20080709,46
20080710,43
20080711,92
20080712,113
20080713,114
20080714,135
20080715,119
20080716,41
20080717,59
20080718,156
20080719,190
20080720,188
20080721,237
20080722,227
20080723,89
20080724,84
20080725,184
20080726,232
20080727,270
20080728,275
20080729,245
20080730,130
20080731,99
20080801,189
20080802,301
20080803,260
20080804,265
20080805,277
20080806,112
20080807,117
20080808,293
20080809,322
20080810,314
20080811,351
20080812,290
20080813,115
20080814,106
20080815,732
20080816,1157
20080817,1184
20080818,1049
20080819,977
20080820,350
20080821,294
20080822,734
20080823,838
20080824,824
20080825,815
20080826,747
20080827,274
20080828,258
20080829,605
20080830,676
20080901,641
20080902,658
20080903,554
20080904,227
20080905,232
20080906,530
20080907,618
20080908,686
20080909,677
20080910,591
20080911,198
20080912,197
20080913,529
20080914,633
20080915,570
20080916,617
20080917,551
20080918,209
20080919,193
20080920,500
20080921,616
20080922,638
20080923,587
20080924,528
20080925,222
20080926,221
20080927,446
20080928,596
20080929,606
20080930,562
20080931,506
20081001,144
20081002,197
20081003,489
20081004,602
20081005,554
20081006,659
20081007,576
20081008,207
20081009,221
20081010,546
20081011,531
20081012,625
20081013,552
20081014,535
20081015,237
20081016,211
20081017,529
20081018,615
20081019,606
20081020,619
20081021,576
20081022,219
20081023,210
20081024,515
20081025,579
20081026,562
20081027,401
20081028,363
20081029,214
20081030,203
20081101,479
20081102,572
20081103,579
20081104,603
20081105,527
20081106,228
20081107,216
20081108,500
20081109,571
20081110,594
20081111,599
20081112,505
20081113,225
20081114,189
20081115,526
20081116,570
20081117,582
20081118,581
20081119,489
20081120,185
20081121,185
20081122,417
20081123,429
20081124,296
20081125,128
20081126,179
20081127,182
20081128,184
20081129,367
20081130,457
20081131,328
20090001,199
20090002,386
20090003,247
20090004,287
20090005,484
20090006,612
20090007,654
20090008,635
20090009,601
20090010,279
20090011,339
20090012,627
20090013,680
20090014,678
20090015,718
20090016,610
20090017,310
20090018,306
20090019,645
20090020,687
20090021,709
20090022,669
20090023,682
20090024,293
20090025,278
20090026,629
20090027,706
20090028,702
20090029,732
20090030,654
20090031,320
20090101,298
20090102,630
20090103,739
20090104,806
20090105,814
20090106,720
20090107,352
20090108,319
20090109,735
20090110,807
20090111,829
20090112,918
20090113,731
20090114,296
20090115,313
20090116,623
20090117,751
20090118,790
20090119,778
20090120,705
20090121,332
20090122,381
20090123,748
20090124,812
20090125,829
20090126,892
20090127,798
20090128,339
20090201,335
20090202,701
20090203,867
20090204,846
20090205,814
20090206,747
20090207,344
20090208,356
20090209,775
20090210,816
20090211,790
20090212,840
20090213,809
20090214,376
20090215,349
20090216,800
20090217,793
20090218,810
20090219,781
20090220,808
20090221,356
20090222,309
20090223,798
20090224,849
20090225,901
20090226,836
20090227,799
20090228,393
20090229,355
20090230,798
20090231,831
20090301,888
20090302,916
20090303,783
20090304,372
20090305,372
20090306,770
20090307,896
20090308,906
20090309,833
20090310,582
20090311,377
20090312,338
20090313,662
20090314,778
20090315,882
20090316,848
20090317,863
20090318,376
20090319,397
20090320,855
20090321,983
20090322,918
20090323,897
20090324,818
20090325,441
20090326,398
20090327,837
20090328,970
20090329,932
20090330,1018
20090401,806
20090402,421
20090403,481
20090404,929
20090405,1054
20090406,1062
20090407,1145
20090408,1033
20090409,446
20090410,405
20090411,957
20090412,1110
20090413,1179
20090414,1138
20090415,1004
20090416,442
20090417,447
20090418,998
20090419,1143
20090420,1123
20090421,1074
20090422,986
20090423,462
20090424,434
20090425,747
20090426,1038
20090427,1174
20090428,1165
20090429,1054
20090430,488
20090431,454
20090501,948
20090502,1117
20090503,1171
20090504,1216
20090505,1020
20090506,456
20090507,436
20090508,1023
20090509,1184
20090510,1249
20090511,1211
20090512,1090
20090513,458
20090514,444
20090515,1076
20090516,1171
20090517,1211
20090518,1262
20090519,970
20090520,455
20090521,495
20090522,1097
20090523,1280
20090524,1257
20090525,1175
20090526,1128
20090527,465
20090528,499
20090529,1145
20090530,1255
20090601,1152
20090602,1205
20090603,849
20090604,429
20090605,396
20090606,1039
20090607,1279
20090608,1303
20090609,1298
20090610,1215
20090611,543
20090612,476
20090613,1187
20090614,1256
20090615,1374
20090616,1409
20090617,1210
20090618,584
20090619,524
20090620,1214
20090621,1323
20090622,1487
20090623,1433
20090624,1224
20090625,586
20090626,544
20090627,1234
20090628,1389
20090629,1445
20090630,1378
20090631,1244
20090701,546
20090702,511
20090703,1179
20090704,1235
20090705,1351
20090706,1409
20090707,1218
20090708,569
20090709,552
20090710,1231
20090711,1313
20090712,1369
20090713,1374
20090714,1273
20090715,509
20090716,566
20090717,1270
20090718,1419
20090719,1419
20090720,1460
20090721,1168
20090722,576
20090723,544
20090724,1267
20090725,1442
20090726,1517
20090727,1463
20090728,1289
20090729,607
20090730,616
20090731,1189
20090801,1261
20090802,1354
20090803,1427
20090804,1255
20090805,580
20090806,572
20090807,1043
20090808,1393
20090809,1408
20090810,1394
20090811,1291
20090812,589
20090813,619
20090814,1270
20090815,1381
20090816,1379
20090817,1399
20090818,1225
20090819,585
20090820,592
20090821,1239
20090822,1413
20090823,1402
20090824,1349
20090825,1237
20090826,556
20090827,591
20090828,1178
20090829,1371
20090830,1417
20090901,1359
20090902,1231
20090903,674
20090904,610
20090905,1279
20090906,1456
20090907,1456
20090908,1538
20090909,1281
20090910,632
20090911,634
20090912,1328
20090913,1498
20090914,1463
20090915,1437
20090916,1227
20090917,606
20090918,632
20090919,1307
20090920,1530
20090921,1507
20090922,1535
20090923,1402
20090924,694
20090925,683
20090926,1352
20090927,1555
20090928,1549
20090929,1533
20090930,1363
20090931,731
20091001,646
20091002,1360
20091003,1493
20091004,1615
20091005,1621
20091006,1507
20091007,742
20091008,769
20091009,1512
20091010,1728
20091011,1629
20091012,1695
20091013,1475
20091014,816
20091015,749
20091016,1535
20091017,1659
20091018,1727
20091019,1772
20091020,1483
20091021,765
20091022,735
20091023,1549
20091024,1639
20091025,1733
20091026,1335
20091027,1142
20091028,739
20091029,734
20091030,1500
20091101,1623
20091102,1733
20091103,1643
20091104,1517
20091105,796
20091106,700
20091107,1542
20091108,1622
20091109,1646
20091110,1704
20091111,1536
20091112,760
20091113,738
20091114,1476
20091115,1680
20091116,1749
20091117,1629
20091118,1402
20091119,710
20091120,689
20091121,1408
20091122,1542
20091123,1436
20091124,958
20091125,501
20091126,537
20091127,666
20091128,1130
20091129,1321
20091130,1304
20091131,1008
20100001,626
20100002,764
20100003,781
20100004,1551
20100005,1623
20100006,1769
20100007,1842
20100008,1646
20100009,894
20100010,927
20100011,1633
20100012,1856
20100013,1947
20100014,1837
20100015,1725
20100016,953
20100017,915
20100018,1734
20100019,1956
20100020,1930
20100021,2021
20100022,1777
20100023,959
20100024,1034
20100025,1800
20100026,1770
20100027,1949
20100028,1911
20100029,1845
20100030,955
20100031,1023
20100101,1797
20100102,2009
20100103,1979
20100104,1954
20100105,1789
20100106,932
20100107,886
20100108,1749
20100109,1979
20100110,2051
20100111,1926
20100112,1835
20100113,953
20100114,928
20100115,1662
20100116,1926
20100117,2097
20100118,2025
20100119,1863
20100120,958
20100121,950
20100122,1901
20100123,1977
20100124,2072
20100125,2013
20100126,1774
20100127,970
20100128,940
20100201,1778
20100202,2008
20100203,2125
20100204,2063
20100205,1875
20100206,980
20100207,1012
20100208,1925
20100209,2048
20100210,2105
20100211,2090
20100212,1815
20100213,1040
20100214,979
20100215,1840
20100216,2060
20100217,2043
20100218,1964
20100219,1859
20100220,1019
20100221,999
20100222,1890
20100223,2093
20100224,2063
20100225,2064
20100226,1876
20100227,991
20100228,998
20100229,1856
20100230,1966
20100231,2003
20100301,1827
20100302,1401
20100303,858
20100304,860
20100305,1517
20100306,1914
20100307,2066
20100308,2027
20100309,1950
20100310,981
20100311,978
20100312,1875
20100313,2119
20100314,2112
20100315,2145
20100316,1879
20100317,1012
20100318,1042
20100319,1948
20100320,2121
20100321,2169
20100322,2237
20100323,1980
20100324,1078
20100325,1016
20100326,2010
20100327,2212
20100328,2158
20100329,2031
20100330,1809
20100401,961
20100402,953
20100403,1789
20100404,2076
20100405,2118
20100406,2106
20100407,1848
20100408,1005
20100409,967
20100410,2000
20100411,2130
20100412,2248
20100413,2012
20100414,1930
20100415,962
20100416,1059
20100417,2114
20100418,2196
20100419,2191
20100420,2308
20100421,2021
20100422,1038
20100423,1026
20100424,1940
20100425,2158
20100426,2311
20100427,2220
20100428,1925
20100429,1084
20100430,990
20100431,1656
20100501,2148
20100502,2296
20100503,2258
20100504,2135
20100505,1099
20100506,1053
20100507,2142
20100508,2296
20100509,2365
20100510,2390
20100511,2078
20100512,987
20100513,1070
20100514,2042
20100515,2264
20100516,2263
20100517,2304
20100518,1967
20100519,1079
20100520,1052
20100521,2192
20100522,2365
20100523,2274
20100524,2272
20100525,2051
20100526,978
20100527,966
20100528,2143
20100529,2398
20100530,2420
20100601,2270
20100602,2000
20100603,990
20100604,921
20100605,1747
20100606,2306
20100607,2424
20100608,2484
20100609,2236
20100610,1130
20100611,1075
20100612,2322
20100613,2548
20100614,2562
20100615,2590
20100616,2380
20100617,1174
20100618,1062
20100619,2313
20100620,2601
20100621,2605
20100622,2621
20100623,2379
20100624,1128
20100625,1119
20100626,2361
20100627,2478
20100628,2655
20100629,2631
20100630,2310
20100631,1129
20100701,1100
20100702,2415
20100703,2460
20100704,2631
20100705,2584
20100706,2351
20100707,1057
20100708,1146
20100709,2452
20100710,2591
20100711,2558
20100712,2654
20100713,2359
20100714,1195
20100715,1185
20100716,2462
20100717,2688
20100718,2724
20100719,2731
20100720,2289
20100721,1091
20100722,1265
20100723,2435
20100724,2603
20100725,2554
20100726,2668
20100727,2347
20100728,1133
20100729,1157
20100730,2227
20100731,2490
20100801,2564
20100802,2562
20100803,2295
20100804,1191
20100805,1091
20100806,1958
20100807,2429
20100808,2667
20100809,2407
20100810,2208
20100811,1132
20100812,1114
20100813,2389
20100814,2473
20100815,2619
20100816,2565
20100817,2340
20100818,1215
20100819,1120
20100820,2400
20100821,2517
20100822,2554
20100823,2451
20100824,2391
20100825,1204
20100826,1234
20100827,2374
20100828,2595
20100829,2525
20100830,2498
20100901,2253
20100902,1220
20100903,1171
20100904,2305
20100905,2482
20100906,2661
20100907,2581
20100908,2383
20100909,960
20100910,1285
20100911,2341
20100912,2586
20100913,2641
20100914,2729
20100915,2336
20100916,1221
20100917,1251
20100918,2437
20100919,2643
20100920,2702
20100921,2785
20100922,2506
20100923,1392
20100924,1270
20100925,2491
20100926,2622
20100927,2800
20100928,2662
20100929,2412
20100930,1307
20100931,1320
20101001,2381
20101002,2543
20101003,2705
20101004,2712
20101005,2375
20101006,1345
20101007,1332
20101008,2564
20101009,3090
20101010,2888
20101011,2905
20101012,2652
20101013,1539
20101014,1449
20101015,2699
20101016,2854
20101017,2833
20101018,2998
20101019,2683
20101020,1514
20101021,1525
20101022,2874
20101023,3056
20101024,2891
20101025,2569
20101026,2134
20101027,1551
20101028,1469
20101029,2679
20101030,2973
20101101,2969
20101102,3082
20101103,2754
20101104,1581
20101105,1608
20101106,2857
20101107,3054
20101108,3009
20101109,3027
20101110,2795
20101111,1526
20101112,1455
20101113,2811
20101114,3063
20101115,3015
20101116,2979
20101117,2551
20101118,1421
20101119,1450
20101120,2642
20101121,2779
20101122,2806
20101123,2386
20101124,1518
20101125,1037
20101126,1107
20101127,2010
20101128,2243
20101129,2416
20101130,2329
20101131,1556
20110001,1005
20110002,1351
20110003,2341
20110004,2852
20110005,3097
20110006,3094
20110007,2914
20110008,1574
20110009,1637
20110010,2991
20110011,3270
20110012,3311
20110013,3335
20110014,2970
20110015,1631
20110016,1760
20110017,3074
20110018,3239
20110019,3430
20110020,3483
20110021,3193
20110022,1854
20110023,1719
20110024,3262
20110025,3376
20110026,3253
20110027,3469
20110028,3141
20110029,1774
20110030,1772
20110031,3253
20110101,3404
20110102,3473
20110103,3537
20110104,3096
20110105,1897
20110106,1907
20110107,3322
20110108,3519
20110109,3580
20110110,3592
20110111,3304
20110112,1807
20110113,1858
20110114,3292
20110115,3592
20110116,3758
20110117,3721
20110118,3354
20110119,1872
20110120,1965
20110121,3477
20110122,3869
20110123,3977
20110124,3808
20110125,3445
20110126,1921
20110127,1864
20110128,3503
20110201,3705
20110202,3838
20110203,3757
20110204,3560
20110205,2038
20110206,1976
20110207,3686
20110208,3864
20110209,4106
20110210,3911
20110211,3537
20110212,1915
20110213,2007
20110214,3779
20110215,3922
20110216,4017
20110217,3880
20110218,3566
20110219,1963
20110220,1995
20110221,3703
20110222,4161
20110223,4098
20110224,3939
20110225,3514
20110226,1990
20110227,2115
20110228,3784
20110229,4007
20110230,3868
20110231,4078
20110301,3499
20110302,1941
20110303,2010
20110304,3681
20110305,4173
20110306,4243
20110307,4186
20110308,3679
20110309,2017
20110310,2012
20110311,3920
20110312,4166
20110313,4089
20110314,4086
20110315,3626
20110316,2074
20110317,2045
20110318,3800
20110319,4143
20110320,4148
20110321,3767
20110322,2976
20110323,1982
20110324,1838
20110325,3123
20110326,3921
20110327,4246
20110328,4123
20110329,3496
20110330,2081
20110401,2088
20110402,3449
20110403,3919
20110404,4119
20110405,4197
20110406,3744
20110407,1978
20110408,1914
20110409,3794
20110410,4171
20110411,4266
20110412,4143
20110413,3820
20110414,1946
20110415,1936
20110416,3803
20110417,4035
20110418,4136
20110419,4066
20110420,3721
20110421,1907
20110422,1924
20110423,3852
20110424,4089
20110425,4167
20110426,4219
20110427,3570
20110428,1847
20110429,1812
20110430,3153
20110431,3850
20110501,4151
20110502,3733
20110503,3552
20110504,1889
20110505,1973
20110506,3841
20110507,3941
20110508,4113
20110509,4194
20110510,3670
20110511,1803
20110512,1861
20110513,3666
20110514,4019
20110515,4194
20110516,4199
20110517,3699
20110518,2003
20110519,1828
20110520,3904
20110521,4252
20110522,4265
20110523,4131
20110524,3675
20110525,1852
20110526,1849
20110527,3814
20110528,4101
20110529,4197
20110530,4056
20110601,3433
20110602,1761
20110603,1802
20110604,3216
20110605,3969
20110606,4198
20110607,4253
20110608,3869
20110609,1912
20110610,1878
20110611,4092
20110612,4303
20110613,4280
20110614,4302
20110615,3794
20110616,1943
20110617,1910
20110618,3990
20110619,4325
20110620,4237
20110621,4254
20110622,3834
20110623,1967
20110624,1906
20110625,3964
20110626,4279
20110627,4402
20110628,4280
20110629,3810
20110630,1924
20110631,1909
20110701,3880
20110702,4301
20110703,4336
20110704,4586
20110705,4024
20110706,1782
20110707,1979
20110708,4000
20110709,4343
20110710,4464
20110711,4490
20110712,3931
20110713,1932
20110714,1930
20110715,3568
20110716,4244
20110717,4324
20110718,4301
20110719,3924
20110720,2060
20110721,1976
20110722,3853
20110723,4213
20110724,4381
20110725,4401
20110726,3804
20110727,1944
20110728,1969
20110729,3689
20110730,4020
20110731,4099
20110801,3924
20110802,3685
20110803,1872
20110804,1888
20110805,3309
20110806,4152
20110807,4375
20110808,4255
20110809,3774
20110810,2058
20110811,2022
20110812,3958
20110813,4354
20110814,4320
20110815,4238
20110816,3791
20110817,2094
20110818,1956
20110819,4059
20110820,4321
20110821,4427
20110822,4363
20110823,3896
20110824,2079
20110825,2020
20110826,4052
20110827,4162
20110828,4296
20110829,4074
20110830,3788
20110901,1908
20110902,1913
20110903,3602
20110904,4057
20110905,4123
20110906,3944
20110907,3680
20110908,1928
20110909,2107
20110910,3829
20110911,4232
20110912,4251
20110913,4184
20110914,3917
20110915,2096
20110916,2085
20110917,3916
20110918,4332
20110919,4444
20110920,4298
20110921,3919
20110922,2144
20110923,2087
20110924,4012
20110925,4203
20110926,3892
20110927,4144
20110928,3653
20110929,1956
20110930,1976
20110931,3801
20111001,4094
20111002,4341
20111003,4421
20111004,4133
20111005,2127
20111006,2159
20111007,3998
20111008,4316
20111009,4390
20111010,4439
20111011,3952
20111012,2126
20111013,2213
20111014,4216
20111015,4443
20111016,4734
20111017,4672
20111018,4209
20111019,2329
20111020,2323
20111021,4377
20111022,4652
20111023,4531
20111024,3915
20111025,3532
20111026,2202
20111027,2243
20111028,4223
20111029,4632
20111030,4617
20111101,4507
20111102,4181
20111103,2318
20111104,2271
20111105,4247
20111106,4607
20111107,4834
20111108,4533
20111109,4044
20111110,2333
20111111,2303
20111112,4323
20111113,4651
20111114,4659
20111115,4471
20111116,3930
20111117,2230
20111118,2105
20111119,4143
20111120,4255
20111121,4307
20111122,3863
20111123,3202
20111124,1720
20111125,1381
20111126,2417
20111127,3162
20111128,3661
20111129,3661
20111130,3122
20111131,1771
20120001,1568
20120002,3046
20120003,4074
20120004,4532
20120005,4725
20120006,4183
20120007,2487
20120008,2482
20120009,4389
20120010,4641
20120011,4838
20120012,4838
20120013,4429
20120014,2308
20120015,2468
20120016,4185
20120017,4649
20120018,4689
20120019,4745
20120020,4292
20120021,2524
20120022,2458
20120023,4395
20120024,4861
20120025,4873
20120026,4570
20120027,4291
20120028,2491
20120029,2512
20120030,4542
20120031,4991
20120101,4965
20120102,5023
20120103,4612
20120104,2614
20120105,2628
20120106,4628
20120107,5057
20120108,5301
20120109,5267
20120110,4754
20120111,2656
20120112,2750
20120113,4878
20120114,5003
20120115,5367
20120116,5344
20120117,4888
20120118,2562
20120119,2873
20120120,4907
20120121,5226
20120122,5451
20120123,5519
20120124,4959
20120125,2892
20120126,2877
20120127,4832
20120128,5344
20120129,5253
20120201,5366
20120202,4918
20120203,2793
20120204,2818
20120205,4948
20120206,5422
20120207,5296
20120208,4957
20120209,4807
20120210,2684
20120211,2763
20120212,5112
20120213,5375
20120214,5495
20120215,5425
20120216,4836
20120217,2703
20120218,2696
20120219,5065
20120220,5332
20120221,5504
20120222,5486
20120223,4683
20120224,2712
20120225,2615
20120226,5050
20120227,5411
20120228,5522
20120229,5476
20120230,4874
20120231,2752
20120301,2699
20120302,4979
20120303,5474
20120304,5525
20120305,5173
20120306,3857
20120307,2837
20120308,2610
20120309,4272
20120310,5184
20120311,5481
20120312,5599
20120313,4879
20120314,2650
20120315,2799
20120316,5072
20120317,5372
20120318,5757
20120319,5770
20120320,5086
20120321,2907
20120322,2914
20120323,5339
20120324,5509
20120325,5519
20120326,5431
20120327,5003
20120328,2859
20120329,2699
20120330,4622
20120401,4373
20120402,5368
20120403,5422
20120404,5086
20120405,2898
20120406,2617
20120407,4787
20120408,5294
20120409,5472
20120410,5637
20120411,4960
20120412,2623
20120413,2514
20120414,5177
20120415,5520
20120416,5497
20120417,5131
20120418,4920
20120419,2669
20120420,2591
20120421,4931
20120422,5491
20120423,5489
20120424,5392
20120425,4832
20120426,2534
20120427,2376
20120428,4176
20120429,5258
20120430,5433
20120431,5268
20120501,4877
20120502,2545
20120503,2549
20120504,4771
20120505,5225
20120506,5383
20120507,5479
20120508,4881
20120509,2523
20120510,2506
20120511,4948
20120512,5357
20120513,5747
20120514,5589
20120515,5069
20120516,2569
20120517,2522
20120518,5352
20120519,5643
20120520,5819
20120521,5855
20120522,5159
20120523,2576
20120524,2563
20120525,5296
20120526,5800
20120527,5879
20120528,5633
20120529,5025
20120530,2576
20120601,2541
20120602,5122
20120603,5709
20120604,4846
20120605,5541
20120606,5293
20120607,2690
20120608,2564
20120609,5387
20120610,5880
20120611,6105
20120612,5975
20120613,5349
20120614,2586
20120615,2604
20120616,5571
20120617,5813
20120618,6071
20120619,5950
20120620,5332
20120621,2629
20120622,2677
20120623,5484
20120624,5786
20120625,6108
20120626,5993
20120627,5360
20120628,2697
20120629,2632
20120630,5486
20120631,6024
20120701,5699
20120702,5728
20120703,5273
20120704,2592
20120705,2624
20120706,5218
20120707,5717
20120708,5868
20120709,5845
20120710,5246
20120711,2442
20120712,2600
20120713,5383
20120714,5690
20120715,5110
20120716,5667
20120717,5120
20120718,2723
20120719,2483
20120720,5010
20120721,5450
20120722,5716
20120723,5774
20120724,5150
20120725,2661
20120726,2602
20120727,5139
20120728,5609
20120729,5854
20120730,5900
20120731,5010
20120801,2608
20120802,2584
20120803,4626
20120804,5471
20120805,5725
20120806,5756
20120807,5149
20120808,2693
20120809,2704
20120810,5358
20120811,5721
20120812,5707
20120813,5865
20120814,5210
20120815,2483
20120816,2632
20120817,5508
20120818,5642
20120819,5554
20120820,5663
20120821,5282
20120822,2834
20120823,2661
20120824,5463
20120825,5706
20120826,5975
20120827,6033
20120828,5229
20120829,2695
20120830,2604
20120901,5181
20120902,5343
20120903,5741
20120904,5874
20120905,5314
20120906,2957
20120907,2866
20120908,5264
20120909,5832
20120910,6149
20120911,6178
20120912,5582
20120913,2909
20120914,2945
20120915,5683
20120916,6133
20120917,6232
20120918,6309
20120919,5622
20120920,3071
20120921,3092
20120922,5736
20120923,5991
20120924,5809
20120925,6036
20120926,5216
20120927,2921
20120928,2876
20120929,5492
20120930,5582
20120931,5885
20121001,5732
20121002,5477
20121003,3110
20121004,3051
20121005,5792
20121006,5965
20121007,6031
20121008,6282
20121009,5488
20121010,3019
20121011,3022
20121012,5337
20121013,5579
20121014,5888
20121015,6064
20121016,5592
20121017,3182
20121018,3184
20121019,5977
20121020,6263
20121021,6200
20121022,5574
20121023,4819
20121024,3153
20121025,3243
20121026,5820
20121027,6346
20121028,6691
20121029,6477
20121030,5691
20121101,3213
20121102,3339
20121103,5992
20121104,6415
20121105,6457
20121106,6268
20121107,5711
20121108,3285
20121109,3205
20121110,5816
20121111,6131
20121112,6358
20121113,6205
20121114,5413
20121115,2964
20121116,2996
20121117,5506
20121118,5955
20121119,6094
20121120,5774
20121121,4888
20121122,2709
20121123,2559
20121124,3324
20121125,2503
20121126,3881
20121127,4594
20121128,4391
20121129,2895
20121130,2710
20121131,3292
20130001,2620
20130002,4890
20130003,5512
20130004,5520
20130005,3335
20130006,3188
20130007,5637
20130008,6150
20130009,6401
20130010,6404
20130011,5972
20130012,3288
20130013,3253
20130014,5549
20130015,6358
20130016,6485
20130017,6400
20130018,5909
20130019,3283
20130020,3262
20130021,5898
20130022,6583
20130023,6694
20130024,6666
20130025,5857
20130026,3299
20130027,3443
20130028,6171
20130029,6656
20130030,6826
20130031,6583
20130101,6163
20130102,3413
20130103,3440
20130104,6154
20130105,6610
20130106,6916
20130107,6951
20130108,6148
20130109,3101
20130110,3529
20130111,6096
20130112,6572
20130113,6767
20130114,6552
20130115,5993
20130116,3530
20130117,3497
20130118,6231
20130119,7151
20130120,7012
20130121,7038
20130122,6472
20130123,3759
20130124,3496
20130125,6535
20130126,7076
20130127,7168
20130128,7205
20130201,6283
20130202,3723
20130203,3687
20130204,6641
20130205,7142
20130206,7487
20130207,7346
20130208,6546
20130209,3677
20130210,3744
20130211,6784
20130212,7258
20130213,7379
20130214,7393
20130215,6520
20130216,3714
20130217,3631
20130218,6700
20130219,7364
20130220,7383
20130221,7173
20130222,6403
20130223,3704
20130224,3715
20130225,6721
20130226,6976
20130227,6924
20130228,6930
20130229,5512
20130230,3549
20130231,3469
20130301,5608
20130302,7159
20130303,7357
20130304,7260
20130305,6619
20130306,3673
20130307,3846
20130308,6792
20130309,7327
20130310,7411
20130311,6845
20130312,6700
20130313,3605
20130314,3743
20130315,6509
20130316,6915
20130317,7119
20130318,7040
20130319,6230
20130320,3666
20130321,3453
20130322,6593
20130323,7000
20130324,7217
20130325,6997
20130326,6265
20130327,3466
20130328,3640
20130329,6381
20130330,6435
20130401,5450
20130402,6621
20130403,5972
20130404,3385
20130405,3276
20130406,5862
20130407,6666
20130408,6636
20130409,6506
20130410,5869
20130411,3290
20130412,3253
20130413,6212
20130414,6735
20130415,6825
20130416,6952
20130417,6168
20130418,3336
20130419,3295
20130420,5987
20130421,6731
20130422,6926
20130423,6953
20130424,5976
20130425,3080
20130426,3038
20130427,5465
20130428,6605
20130429,6894
20130430,6860
20130431,6141
20130501,3326
20130502,3131
20130503,6117
20130504,6679
20130505,6969
20130506,6910
20130507,6339
20130508,3296
20130509,3224
20130510,6079
20130511,6675
20130512,6680
20130513,6758
20130514,6134
20130515,3160
20130516,3073
20130517,6334
20130518,6971
20130519,7013
20130520,7042
20130521,6163
20130522,3229
20130523,3111
20130524,6415
20130525,6921
20130526,7108
20130527,7131
20130528,6237
20130529,3210
20130530,3168
20130601,6105
20130602,6978
20130603,6985
20130604,6118
20130605,5806
20130606,3027
20130607,2945
20130608,6363
20130609,6989
20130610,7002
20130611,7096
20130612,6247
20130613,3023
20130614,3032
20130615,6633
20130616,7279
20130617,7421
20130618,7385
20130619,6549
20130620,3269
20130621,3284
20130622,6683
20130623,7368
20130624,7509
20130625,7380
20130626,6680
20130627,3383
20130628,3416
20130629,6794
20130630,7228
20130631,7367
20130701,7286
20130702,6465
20130703,3240
20130704,3232
20130705,6486
20130706,6948
20130707,7289
20130708,6934
20130709,5880
20130710,3104
20130711,3214
20130712,6513
20130713,7039
20130714,7107
20130715,6073
20130716,6146
20130717,3282
20130718,3294
20130719,6248
20130720,6827
20130721,6953
20130722,7115
20130723,6446
20130724,3349
20130725,3281
20130726,6280
20130727,6832
20130728,7155
20130729,6996
20130730,6045
20130731,3315
20130801,3164
20130802,5658
20130803,6499
20130804,6902
20130805,6824
20130806,6241
20130807,3348
20130808,3394
20130809,5991
20130810,6774
20130811,6999
20130812,7073
20130813,7039
20130814,3697
20130815,3804
20130816,7253
20130817,7727
20130818,7683
20130819,7869
20130820,7005
20130821,3902
20130822,3829
20130823,7200
20130824,8022
20130825,8012
20130826,8050
20130827,7083
20130828,3758
20130829,3945
20130830,7348
20130901,7568
20130902,7146
20130903,7801
20130904,7271
20130905,3893
20130906,3906
20130907,7453
20130908,8137
20130909,8320
20130910,8144
20130911,7172
20130912,3921
20130913,3943
20130914,6788
20130915,7531
20130916,7929
20130917,8056
20130918,7299
20130919,4012
20130920,4122
20130921,7835
20130922,8218
20130923,8332
20130924,8539
20130925,7503
20130926,4012
20130927,4199
20130928,7698
20130929,8294
20130930,8254
20130931,7798
20131001,6299
20131002,3733
20131003,3990
20131004,6995
20131005,7555
20131006,8270
20131007,8360
20131008,7393
20131009,4182
20131010,4282
20131011,7564
20131012,8347
20131013,8408
20131014,8355
20131015,7527
20131016,4347
20131017,4345
20131018,7877
20131019,8359
20131020,8746
20131021,8626
20131022,7788
20131023,4452
20131024,4423
20131025,7780
20131026,8518
20131027,8231
20131028,7303
20131029,6253
20131030,4177
20131101,4127
20131102,7515
20131103,8305
20131104,8513
20131105,8324
20131106,7576
20131107,4262
20131108,4309
20131109,7712
20131110,8310
20131111,8450
20131112,8281
20131113,7097
20131114,3916
20131115,4083
20131116,7341
20131117,7968
20131118,7989
20131119,7766
20131120,6455
20131121,3557
20131122,3576
20131123,5893
20131124,4854
20131125,3236
20131126,5162
20131127,5511
20131128,3624
20131129,3619
20131130,5967
20131131,4693
20140001,3273
20140002,6474
20140003,6823
20140004,4470
20140005,4175
20140006,7109
20140007,7854
20140008,8545
20140009,8349
20140010,7827
20140011,4315
20140012,4216
20140013,7619
20140014,7849
20140015,8399
20140016,8562
20140017,7874
20140018,4579
20140019,4347
20140020,7798
20140021,8544
20140022,8877
20140023,8817
20140024,7771
20140025,4582
20140026,4600
20140027,8191
20140028,8807
20140029,9017
20140030,8663
20140031,7636
20140101,4504
20140102,4479
20140103,7853
20140104,8789
20140105,9029
20140106,9109
20140107,8225
20140108,4716
20140109,4882
20140110,8591
20140111,9185
20140112,9397
20140113,8972
20140114,8042
20140115,4815
20140116,4703
20140117,8331
20140118,9258
20140119,9632
20140120,9558
20140121,8734
20140122,5072
20140123,5036
20140124,9075
20140125,9434
20140126,9735
20140127,9673
20140128,8738
20140201,4969
20140202,4831
20140203,8546
20140204,9290
20140205,9804
20140206,9665
20140207,8687
20140208,4909
20140209,4914
20140210,8905
20140211,9335
20140212,10065
20140213,9962
20140214,8739
20140215,4921
20140216,4943
20140217,8483
20140218,9499
20140219,9937
20140220,9792
20140221,8690
20140222,5005
20140223,5047
20140224,8841
20140225,9468
20140226,9857
20140227,9533
20140228,8462
20140229,4855
20140230,4860
20140231,8376
20140301,9085
20140302,9647
20140303,9453
20140304,8565
20140305,4919
20140306,4883
20140307,8723
20140308,9385
20140309,9374
20140310,9260
20140311,8312
20140312,4831
20140313,4624
20140314,8248
20140315,8943
20140316,9134
20140317,8437
20140318,6876
20140319,4649
20140320,4196
20140321,7097
20140322,8989
20140323,9068
20140324,8914
20140325,8401
20140326,4608
20140327,4635
20140328,8366
20140329,8638
20140330,8065
20140401,6744
20140402,7131
20140403,4392
20140404,4319
20140405,7568
20140406,8158
20140407,8501
20140408,8821
20140409,7492
20140410,4255
20140411,4198
20140412,7790
20140413,8333
20140414,8564
20140415,8562
20140416,5277
20140417,4021
20140418,3820
20140419,7651
20140420,8377
20140421,8773
20140422,8472
20140423,7522
20140424,3845
20140425,3797
20140426,6547
20140427,7755
20140428,8241
20140429,7728
20140430,7232
20140431,3268
20140501,3664
20140502,6999
20140503,7875
20140504,8316
20140505,8258
20140506,7191
20140507,3395
20140508,3885
20140509,6910
20140510,7945
20140511,7909
20140512,7714
20140513,6980
20140514,3642
20140515,3616
20140516,6955
20140517,7942
20140518,8039
20140519,7923
20140520,7018
20140521,3600
20140522,3662
20140523,7236
20140524,7991
20140525,8237
20140526,8098
20140527,7412
20140528,3453
20140529,3408
20140530,7160
20140601,7517
20140602,8080
20140603,8095
20140604,6079
20140605,3468
20140606,3647
20140607,7572
20140608,7938
20140609,8095
20140610,8029
20140611,7313
20140612,3546
20140613,3548
20140614,7475
20140615,8056
20140616,8432
20140617,8313
20140618,7270
20140619,3790
20140620,3613
20140621,7829
20140622,8514
20140623,8560
20140624,8368
20140625,7272
20140626,3732
20140627,3786
20140628,7172
20140629,7612
20140630,8065
20140631,7980
20140701,6996
20140702,3606
20140703,3536
20140704,7043
20140705,7774
20140706,8251
20140707,8162
20140708,7240
20140709,3771
20140710,3662
20140711,7444
20140712,8103
20140713,8130
20140714,8207
20140715,6099
20140716,3672
20140717,3749
20140718,7439
20140719,8183
20140720,8297
20140721,8298
20140722,7459
20140723,3906
20140724,3944
20140725,7233
20140726,8203
20140727,8438
20140728,8104
20140729,6726
20140730,3762
20140731,3671
20140801,6632
20140802,7788
20140803,8354
20140804,8464
20140805,7714
20140806,4313
20140807,4111
20140808,8002
20140809,8457
20140810,9018
20140811,9025
20140812,8181
20140813,4497
20140814,354
